id,title
90PWj5-eIFM,Jellyfin January | Self-Hosted 87
DG9Wahidyi8,Disqus-ting Tracking | Self-Hosted 86
yLkvE5Fays4,Wendell’s Hot Pi | Self-Hosted 85
iqAS2m3m91I,Hidden NAS | Self-Hosted 84
v-thx70CmpY,Unintended Upgrades | Self-Hosted 83
Z6p5Pm9BcKU,Roon Ready Ruh-Roh | Self-Hosted 82
Vs6gb6OwKak,The Badger Stack | Self-Hosted 81
Rufp3qkNcmc,Solving Whole Home Audio | Self-Hosted 80
ZKPk0wiYOZY,Automations Gone Wrong | Self-Hosted 77
esGmsHvSgrQ,Solid as a Rock | Self-Hosted 76
ffxDIrxkNec,In-Flight Changes | Self-Hosted 75
bWLkoDU4OT0,A Pi For Every Problem | Self-Hosted 74
qme9Gtybsyk,100 Days of HomeLab | Self-Hosted 73
VYA6X8boQI4,First Account is Free | Self-Hosted 72
nenzYMToCvw,Recipe for Success | Self-Hosted 71
CtRmBFSoSEA,"Get Off My Lawn, The Robot's Got It | Self-Hosted 69"
8f5DXQfGAZM,Unwyze Choices | Self-Hosted 68
elEF8xihCUA,Mmm. Pi. | Self-Hosted 66
EwREFjOLnkc,Mmm. Pi. | Self-Hosted 66
JOT39lEYWxI,Pulling the Rug Out | Self-Hosted 63
2-92O64ScPA,Succumbing to the Ecosystem | Self-Hosted 62
n7fV5bmflpQ,I Tried to Love Portainer | Self-Hosted 59
qHayVG4sRVo,The Future of Unraid | Self-Hosted 25
p9j7tlcf37A,OPNsense Makes Sense | Self-Hosted 24
VFObf4Cuopc,Shields Up | Self-Hosted 23
tbpc1G0VO6I,Slow Cooked Servers | Self-Hosted 22
Qpq5jbVJMaQ,The Perfect Server Build | Self-Hosted 21
-UbcjvPXSKo,One is None | Self-Hosted 20
D7nfn2uuVZk,The Open Source Catch-22 | Self-Hosted 19
bZIFpCF_-7A,Ring Doorbell Alternative | Self-Hosted 18
yQTl0p98as4,Where Do I Start? | Self-Hosted 17
hNMFCCDxczM,Compromised Networking | Self-Hosted 16
FE_qY5nl8j8,Keeping Track of Stuff | Self-Hosted 15
f7qmxibMUvI,jblive.tv live stream
esb6brgjo54,Embracing Automation | Self-Hosted 14
4hIOm4F8CGs,IRC is Not Dead | Self-Hosted 13
Bb2izqJK3kM,Which Wiki Wins | Self-Hosted 12
76m8lS9J38w,Host Your Blog the Right Way | Self-Hosted 11
qng-EJJSRW4,Compromised Cameras | Self-Hosted 10
p157uge0b2k,Conquering Planned Obsolescence | Self-Hosted 9
aQyigSkcjMQ,Cheap DIY LED Light Strip | Self-Hosted Live Hack
Gt8JvI4K_aY,WLED Changes the Game | Self-Hosted 8
aYRtsfDn3AQ,Why We Love Home Assistant | Self-Hosted 7
N9hCGUaZJzA,LINUX Unplugged Tuesday Live Stream
bbJ1KanVyDs,Self-Hosted Live Hack
jDQ3tU9Ooug,Low Cost Home Camera System | Self-Hosted 6
JEW7UuKhMJ8,ZFS Isn’t the Only Option | Self-Hosted 5
-NZZxy3fxy0,The Joy of Plex with Elan Feingold | Self-Hosted 4
cG_coFVLsGs,Home Network Under $200 | Self-Hosted 3
o1qxarQ2xsA,Home Network Under $200 | Self-Hosted 3
1OU3wwt7suk,Why Self-Host? | Self-Hosted 2
I9McT7rVc90,The First One | Self-Hosted 1
